timestamp,source,type,title,url,keyword,snippet
2026-04-13 11:52,Reddit r/nocode,inbound,"[HIRING] Lark Developer (Contract) – PJ, Malaysia",https://reddit.com/r/nocode/comments/1sk1gol/hiring_lark_developer_contract_pj_malaysia/,looking for developer,"Looking for a Lark Developer for a 4-month contract at MYR 4k-6k/month depending on experience.

The role involves rebuilding a client's internal systems from Notion into Lark. The expectation is to build it Lark-native — utilising Lark Base, automations, chat, and AI where it makes sense. A Solutio"
2026-04-13 11:52,Reddit r/business,inbound,[4/15; Downtown Brooklyn; free] Free Event for Business people wanting to learn OpenClaw,https://reddit.com/r/business/comments/1sjzh8i/415_downtown_brooklyn_free_free_event_for/,looking for developer,"Hi. I'm currently promoting an openclaw event. mods, feel free to remove if this is not allowed. I read the rules and looks like it is (since it's free), but just in case I missed something.

I'm doing the event for free, I just feel like there are so many people out there that don't know what they'"
2026-04-13 11:53,Reddit r/startups,inbound,How to Value Your Company Before Talking to Investors [I will not promote],https://reddit.com/r/startups/comments/1sjh4q5/how_to_value_your_company_before_talking_to/,looking for developer,"Right now, I am in a situation where I need to raise money from investors for my startup. I already have a bit of experience with this. Before this, I had several startups, and in many of them I received the first investment from a business angel. In one startup, I even went through three investment"
2026-04-13 11:53,Reddit r/startups,inbound,[I will not promote] I’m seeking guidance on how to develop my startup further.,https://reddit.com/r/startups/comments/1sjokok/i_will_not_promote_im_seeking_guidance_on_how_to/,need a developer,"I had an idea and have recently developed a working MVP, which I’m currently testing with potential target users to validate my idea. Based on interviews and their feedback, the product does solve their problem, but they are asking for additional features to fully complete their workflow. At the mom"
2026-04-13 11:53,Reddit r/startups,inbound,How hard is it to build booking + billing with Stripe for a wellness platform? (I will not promote),https://reddit.com/r/startups/comments/1sjfvze/how_hard_is_it_to_build_booking_billing_with/,need a developer,"I am building a SaaS product and it seems so far like I need to integrate a gym/wellness booking and billing tool for it be able to be competitive. This has been solved numerous times. One reference would be Mindbody but there’s many.

How difficult is it to just put together a Stripe API and the bo"
2026-04-13 11:53,Reddit r/nocode,inbound,"Founder of a mobile cloud terminal here. For no-code builders using AI, when does “no-code” stop being enough?",https://reddit.com/r/nocode/comments/1sjetyq/founder_of_a_mobile_cloud_terminal_here_for/,need a developer,"**Promoted / founder disclosure:** I’m the founder of [Cosyra](http://cosyra.com), so this is a post about my own product, but I’m sharing it here because I think the bigger question is relevant to where no-code is heading.

I’ve been thinking a lot about the space between **classic no-code** and **"
2026-04-13 11:53,Reddit r/nocode,inbound,Nowa: the no code tool you probably never heard of,https://reddit.com/r/nocode/comments/1sjetkg/nowa_the_no_code_tool_you_probably_never_heard_of/,need a developer,"""Hello I am Zak from Nowa's Team""

Nowa is a nocode tool similar to flutter flow, where you can build and deploy flutter based mobile and web apps using AI and Visual editing from inside Nowa.   
Yes that means that you don't need developer expertise to build your app (like most other apps discussed"
2026-04-13 11:53,Reddit r/smallbusiness,inbound,What should I do?,https://reddit.com/r/smallbusiness/comments/1sjcw5x/what_should_i_do/,need a developer,"I'll give some context. I'm a young guy running a website design and development business. I've been doing this seriously for about half a year, trying to find some sellers that want to work only commission based because I can't afford paying a salary to no one (I paid 600$ to 2 sellers in fiverr bu"
2026-04-13 11:54,Reddit r/startups,inbound,"Hey guys, I need to get my founders agreement sorted today. I will not promote",https://reddit.com/r/startups/comments/1sjoos1/hey_guys_i_need_to_get_my_founders_agreement/,technical co-founder,"so yeh, launched 1 month ago. got users and money but no founder agreement with my technical co-founder. 

so now we had the talk and I need to draft my founder agreement. 

anything I should add and are there any good templates to scan?

sheeee, posts says you need 250 characters."
2026-04-13 11:55,Reddit r/startup,inbound,Builing an AI support agent (chat + voice) for any business,https://reddit.com/r/startup/comments/1sjtpyb/builing_an_ai_support_agent_chat_voice_for_any/,build my app," months ago, I ran into a problem I think many startups face.



Customer support doesn’t scale well. It either becomes expensive, slow, or inconsistent.  

And most AI tools I tried didn’t really solve it — they felt disconnected from real business data.



So I started building my own approach.


"
2026-04-13 11:55,Reddit r/growmybusiness,inbound,Would love honest feedback!,https://reddit.com/r/growmybusiness/comments/1sjimoq/would_love_honest_feedback/,build my app,"Hello everyone,

Recently I started building a website called [Reposhield](http://reposhield.vercel.app) which will be very useful for vibe coders and developers who forget security.

Reposhield basically scans your GitHub repo and will auto fix the security vulnerabilities  that is present inside y"
2026-04-13 11:55,Reddit r/nocode,inbound,Step-by-step guide: add AI chatbot widget to any website without coding,https://reddit.com/r/nocode/comments/1sjhxjr/stepbystep_guide_add_ai_chatbot_widget_to_any/,build my app,"Disclosure: I’m one of the founders of the tool used below.

I recently needed a simple way to add an AI chatbot to a website  of my other b2c marketplaces to catch the leads and without touching backend code or building anything custom.

Most solutions I tried were either:

* too limited (just FAQ "
2026-04-13 11:55,Reddit r/nocode,inbound,"Guys my app just passed 2,000 users!",https://reddit.com/r/nocode/comments/1sjfiif/guys_my_app_just_passed_2000_users/,build my app,It's been a little over six months since I launched and it has been quite a journey. No exponential growth or huge user spikes but rather slow and steady growth. But in my opinion that is the best for building something actually valuable because you can react to user feedback along the way and const
2026-04-13 11:55,Reddit r/smallbusiness,inbound,Was I wrong to ask for money after building someone's business from scratch?,https://reddit.com/r/smallbusiness/comments/1sk586k/was_i_wrong_to_ask_for_money_after_building/,build my startup,"I was working for a handbag brand. During our gradual meetings, I mentioned that I was here to learn because I had zero expertise in handbags, yet I was coming from a leather material experience and was expecting minimal assistance here and there for the product, design, manufacturer, and material b"
2026-04-13 11:55,Reddit r/startups,inbound,Was I wrong to ask for money after building someone's business from scratch? i will not promote,https://reddit.com/r/startups/comments/1sk57fm/was_i_wrong_to_ask_for_money_after_building/,build my startup,"I was working for a handbag brand. During our gradual meetings, I mentioned that I was here to learn because I had zero expertise in handbags, yet I was coming from a leather material experience and was expecting minimal assistance here and there for the product, design, manufacturer, and material b"
2026-04-13 11:55,Reddit r/startups,inbound,I talked to 100+ student founders at my uni's startup club. Here's my biggest takeaway. I will not promote.,https://reddit.com/r/startups/comments/1sk2ag2/i_talked_to_100_student_founders_at_my_unis/,build my startup,"For the past year, I have helped run a startup club at my university with over 100 student founders. There are plenty of takeaways that I've gotten from meeting and talking with all these ambitious students. However, one key takeaway comes to mind.

To preface, I am making this post purely from my p"
2026-04-13 11:55,Reddit r/startups,inbound,I missed dinner with my dad three nights in a row to fix a breaking product (i will not promote),https://reddit.com/r/startups/comments/1sjpuwx/i_missed_dinner_with_my_dad_three_nights_in_a_row/,build my startup,"My dad flew into NYC this week. It was the first time seeing him since I left my job to build my startup full-time.

We had dinner plans every night. And I meant to keep them.

Three nights in a row, I had to excuse myself mid-meal to fix a critical failure in the product. Not a bug you push to next"
2026-04-13 11:56,Reddit r/indiehackers,inbound,Running a complete AI agent team for your company. Is it real or not?,https://reddit.com/r/indiehackers/comments/1sk46gr/running_a_complete_ai_agent_team_for_your_company/,build a platform,"I am trying to understand one thing: is it actually possible to run a real AI agent team for a company in a practical and sustainable way, or are we still not there yet?

From what I have seen so far, [Paperclip](https://paperclip.ing/) looks like one of the fastest and easiest tools to set up for t"
2026-04-13 11:56,Reddit r/startups,inbound,"Lessons from a student founder that nearly killed our marketplace before it started, and what fixed it [I will not promote].",https://reddit.com/r/startups/comments/1sjyjzo/lessons_from_a_student_founder_that_nearly_killed/,build a platform,"For context, A few fellow uni  students and I are building a marketplace connecting LinkedIn creators with B2B brands. Brands pay per click on sponsored posts through affiliate links. it's a few of us figuring it out as we go while also trying to finish university or are on placement, so a bit hecti"
2026-04-13 11:56,Reddit r/startup,inbound,We replaced $2K/day in ad spend with organic. Here's what that actually means for the business.,https://reddit.com/r/startup/comments/1sjvhjo/we_replaced_2kday_in_ad_spend_with_organic_heres/,build a platform,"**We replaced $2K/day in ad spend with organic. Here's what that actually means for the business.**

Paid ads are a liability on your P&amp;L. The moment you stop paying, the revenue stops too.

We decided to test whether we could build something that didn't work that way.

**The bet** We pulled $2,"
2026-04-13 11:56,Reddit r/smallbusiness,inbound,Need help! 2-5min survey for small or medium-sized business owner or staff,https://reddit.com/r/smallbusiness/comments/1sk3x6x/need_help_25min_survey_for_small_or_mediumsized/,app development agency,"Hi, I am a student at University of Northampton working on my dissertation about adoption of Low-Code Development Platform (such as Microsoft Power Apps, Mendix) and how they help small businesses improve operational efficiency and competitiveness.

If you are an owner, founder, manager, or staff wo"
2026-04-13 11:57,Reddit r/smallbusiness,inbound,I raised our price 73% and our resellers got more confident in us. Here's what actually happened.,https://reddit.com/r/smallbusiness/comments/1sjuxlf/i_raised_our_price_73_and_our_resellers_got_more/,need a tech team,"10-person company. \~$200K/month revenue. Hardware product.

We had been selling at $230 for a long time. Margins were thin. We knew we needed to move the price but every time the topic came up internally, the fear was the same: what if resellers drop us?

Before touching the price, I ran a full com"
2026-04-13 11:57,Reddit r/startups,inbound,What I wish someone told me before signing my first EOR contract (lessons from 5 negotiations and one expensive mistake) - i will not promote,https://reddit.com/r/startups/comments/1sju70o/what_i_wish_someone_told_me_before_signing_my/,need a tech team,"I've been meaning to write this for a while because every time I see a founder on here asking about EOR providers I want to grab them by the shoulders and say please, please just read a contract before you sign it, which is advice I absolutely did not follow myself for an embarrassing amount of time"
2026-04-13 11:57,Reddit r/nocode,inbound,"Don't break the bank, find your team",https://reddit.com/r/nocode/comments/1sjp1e2/dont_break_the_bank_find_your_team/,need a tech team,"That's what nocode is all about, only problem is that when you try to expand your team, you realize that it's difficult to find a team, maybe devs, marketers, interns, that are willing to work for equity and experience, and not immediate pay.   
Not sure what the demographic is in this sub, but as a"
2026-04-13 11:57,Reddit r/smallbusiness,inbound,Need help in pricing my product,https://reddit.com/r/smallbusiness/comments/1sjknnq/need_help_in_pricing_my_product/,need a tech team,"I’m figuring out Kelo’s pricing and stuck between two very different directions.

Most competitors are pretty aggressive with gatekeeping:

Free → barely usable  
$19/mo → very limited  
$49/mo → decent but still missing key features (like API)  
$149/mo → full access

A lot of founders told me to s"
2026-04-13 11:57,Reddit r/smallbusiness,inbound,"I build software for massive corporations. Tell me the most annoying, repetitive task in your small business, and I'll tell you if (and how) it can be automated.",https://reddit.com/r/smallbusiness/comments/1sje821/i_build_software_for_massive_corporations_tell_me/,need a tech team,"Hey everyone,

I’ve spent the last 4+ years working as a software engineer at a multinational tech company. I’m currently transitioning out of the corporate bubble to start my own boutique agency. My goal is to train a tech team from my rural hometown so we can build affordable, custom tools for eve"
2026-04-13 11:57,Reddit r/nocode,inbound,Why are established SaaS founders so threatened by vibe coders right now?,https://reddit.com/r/nocode/comments/1sk0cyq/why_are_established_saas_founders_so_threatened/,how much to build,"Genuinely asking because I keep seeing these tiktoks and reels from SaaS guys who have been around for years just absolutely going IN on anyone building with AI tools nd not like constructive going in, like straight up mocking people..

Theres dudes basically saying anyone using claude or chatgpt on"
2026-04-13 11:58,Reddit r/startups,inbound,"[i will not promote] We hit #1 Product of the Week on Product Hunt with $0 marketing, now the launch spike is dying and I don't know how to build sustained growth",https://reddit.com/r/startups/comments/1sjhupi/i_will_not_promote_we_hit_1_product_of_the_week/,cost to build an app,"\&gt; We're two engineering students from India who spent six months bootstrapping a developer tool. No funding, no connections, no marketing budget. We launched two weeks ago and somehow hit #1 Product of the Week on Product Hunt. For about 72 hours it felt like we'd made it. Signups were pouring i"
2026-04-13 12:06,Reddit r/SideProject,inbound,I design sportscar engines for a living and I like watches. I couldn't find a watch winder that wasn't just a dumb box. So I've been building my own with IoT health monitoring and automotive design cues.,https://reddit.com/r/SideProject/comments/1sjq340/i_design_sportscar_engines_for_a_living_and_i/,looking for developer,"[https://imgur.com/a/mXffhBz](https://imgur.com/a/mXffhBz)

Hey everyone,

I’ve spent the last decade in automotive industry, working on projects like the Lamborghini Revuelto and the Mercedes C63 AMG (yep, the hybrid one) among others. While my day job is about combustion challenges and electrifica"
2026-04-13 12:06,Reddit r/SideProject,inbound,i build a AI Mascot that automaticaly connect with your LLM stream and react,https://reddit.com/r/SideProject/comments/1sjokbx/i_build_a_ai_mascot_that_automaticaly_connect/,looking for developer,"https://reddit.com/link/1sjokbx/video/sk30g6ztetug1/player

Hey everyone! I've been working on a side project called **MascotAI** and wanted to share it.

It's a small animated character that sits next to an AI chat and reacts to what the AI is saying — happy, sad, confused, excited, surprised — as "
2026-04-13 12:06,Reddit r/SideProject,inbound,"I'm building a global commission-based sales team for an AI/ML tech company — 30% profit share, no cap, full remote",https://reddit.com/r/SideProject/comments/1sjjktk/im_building_a_global_commissionbased_sales_team/,looking for developer,"I'll be straight with you — I'm the founder of a B2B tech company specializing in AI &amp; ML solutions. We build things like custom AI model development, LLM integrations, automation pipelines, and more traditional B2B work like ERPs, web apps, and custom tools.

Business is growing. Pipeline is re"
2026-04-13 12:06,Reddit r/EntrepreneurRideAlong,inbound,How to Value Your Company Before Talking to Investors,https://reddit.com/r/EntrepreneurRideAlong/comments/1sjgnni/how_to_value_your_company_before_talking_to/,looking for developer,"Right now, I am in a situation where I need to raise money from investors for my startup. I already have a bit of experience with this. Before this, I had several startups, and in many of them I received the first investment from a business angel. In one startup, I even went through three investment"
2026-04-13 12:06,Reddit r/SideProject,inbound,Day 16 of sharing stats about my SaaS until I get 1000 users: The software devs are moving into my tool but they are ghosting the leads they find,https://reddit.com/r/SideProject/comments/1sjfjm4/day_16_of_sharing_stats_about_my_saas_until_i_get/,looking for developer,"I've been looking at which industries are actually using purplefree and it is definitely a developer crowd. We have 13 software development shops and 7 SaaS companies in the mix now. They are creating tons of matches because they are hungry for work, but then the funnel just stops. It is kind of wei"
2026-04-13 12:06,Reddit r/SideProject,inbound,Upgrading my app where you can find web design leads and businesses without websites,https://reddit.com/r/SideProject/comments/1sjf8vf/upgrading_my_app_where_you_can_find_web_design/,looking for developer,"Hello everyone, recently I’ve been extending the application, Webleadr. Some of our existing clients, who are web designers and developers, have requested extra features beyond what was initially available in version 1. So we have decided to create version 2 of the application, which includes featur"
2026-04-13 12:06,Reddit r/EntrepreneurRideAlong,inbound,Building interview assistant tools because the job search was brutal,https://reddit.com/r/EntrepreneurRideAlong/comments/1sk80pr/building_interview_assistant_tools_because_the/,need a developer,"I've been job searching last year. The market is competitive and every company runs you through 3 to 5 rounds before you even know if you're in the running.

The two things that kept screwing me up were mock practice and the actual live interviews. Mock interviews are hard to set up. You need someon"
2026-04-13 12:06,Reddit r/SideProject,inbound,the 7 mobile UX fixes every shopify store should make before running more ads,https://reddit.com/r/SideProject/comments/1sk4rur/the_7_mobile_ux_fixes_every_shopify_store_should/,need a developer,"building a shopify optimization tool. spent the last weeks finding the most common fixable problems on small shopify stores.

here is the checklist I use on every store I audit:

*  Add to cart button above the fold on mobile -5 min theme tweak 
* Product images tap-to-zoom enabled - theme setting o"
2026-04-13 12:06,Reddit r/SideProject,inbound,What happens if you need to scale your vibe coded app?,https://reddit.com/r/SideProject/comments/1sjyj4e/what_happens_if_you_need_to_scale_your_vibe_coded/,need a developer,"I’m building a project called https://www.scoutr.dev using mostly AI tools, and I have this doubt (im an anxious person haha).

Right now everything is kind of “held together” by AI-generated code and iterations. It works, but I’m not sure how well it would hold up if I start getting real traffic, m"
2026-04-13 12:06,Reddit r/EntrepreneurRideAlong,inbound,"The power of strong sales talent, and on boarding to help startups and companies thrive. I can’t believe how much this is missed at many organizations. I will not promote.",https://reddit.com/r/EntrepreneurRideAlong/comments/1sjxt5y/the_power_of_strong_sales_talent_and_on_boarding/,need a developer,It’s quite intriguing that this topic isn’t discussed more frequently. Startups need to actively seek out highly skilled talent to drive revenue from the very beginning. Sales representatives are hired. I’ve witnessed firsthand the significant impact that exceptional talent can have on an organizati
2026-04-13 12:06,Reddit r/SideProject,inbound,Building local AI tools? Don’t let Windows Environment Variables slow you down. (I wrote a simple guide),https://reddit.com/r/SideProject/comments/1sjwxlm/building_local_ai_tools_dont_let_windows/,need a developer,"Hey builders,

I’m a designer and builder currently working on a SaaS platform, and lately, I've been doing a lot of ""vibe coding"" with Python, LangChain, and various AI models.

One thing I’ve noticed when chatting with other creators making the jump to local AI development is that people often get"
2026-04-13 12:06,Reddit r/SideProject,inbound,"Built my first iOS app!!! A unit converter with cooking conversions, engineering units, and zero tracking",https://reddit.com/r/SideProject/comments/1sjvvu2/built_my_first_ios_app_a_unit_converter_with/,need a developer,"The concept of unit converter apps has existed for as long as I can remember (started on an iPhone 4 when it came out). I decided to make one because on an almost daily basis I use the built in the calculator app but there are certain things about it that annoy me. As a software developer, I had nev"
2026-04-13 12:06,Reddit r/SideProject,inbound,Crypto social network.,https://reddit.com/r/SideProject/comments/1sjtk63/crypto_social_network/,need a developer,"Introducing Altzyx – my first solo side project.

I love minimalism.

I want to connect people who want to share some knowledge about any skill and want it on some cool whiteboard.

A crypto-native social network / blog built for high-signal discussions:

•  New post → 1 USDC

•  Comment → 0.5 USDC
"
2026-04-13 12:06,Reddit r/SideProject,inbound,"One user's feedback drove four consecutive releases of my spatial audio tool — from ""it sounds degraded"" to a pro-grade HRTF engine",https://reddit.com/r/SideProject/comments/1sjrf0k/one_users_feedback_drove_four_consecutive/,need a developer,"Building Tessering — a free browser-based spatial audio tool for making 8D/immersive audio. Just shipped V1.2.7. This post is about the feedback loop that shaped the last four releases.

A TikTok creator who makes audio content. Not a power user, not a developer, not an audio engineer. Just someone "
2026-04-13 12:06,Reddit r/SideProject,inbound,"First-time founder with debt, solo dev, 2.25K/mo iOS app — about to run my first ads and I'm scared to mess it up",https://reddit.com/r/SideProject/comments/1sjqk92/firsttime_founder_with_debt_solo_dev_225kmo_ios/,need a developer,"Hey everyone. Long-time lurker, first-time poster. I need honest advice and Reddit is the only place I trust for it.



Quick context:

\- Solo iOS developer, bootstrapped, no team

\- App: AI-powered comic book &amp; story creator — turn a prompt or a photo into a full illustrated book in minutes

"
2026-04-13 12:07,Reddit r/EntrepreneurRideAlong,inbound,From $0 to $10K/mo bootstrapping a B2B SaaS solo — the real timeline nobody shows you,https://reddit.com/r/EntrepreneurRideAlong/comments/1sk543i/from_0_to_10kmo_bootstrapping_a_b2b_saas_solo_the/,build my MVP,"Everyone posts their success numbers but nobody shows the ugly middle part. Here's my actual timeline building a B2B SaaS in the digital marketing space, completely bootstrapped.



Month 1-3: The Delusion Phase

\- Built the MVP in 6 weeks working nights and weekends

\- Thought ""if I build it, the"
2026-04-13 12:07,Reddit r/SideProject,inbound,Looking for a brutal product AUDIT from builders.,https://reddit.com/r/SideProject/comments/1sk1eoa/looking_for_a_brutal_product_audit_from_builders/,build my MVP,"I’m a 14-year-old building a Gen-Z focused AI assistant (Excensa) that’s meant to actually help users take action instead of just chatting.

Current stage:

* getting users (mainly via Reddit)
* early traction across multiple countries
* \~25–30% retention
* users try it, but many don’t stick yet

T"
2026-04-13 12:07,Reddit r/SideProject,inbound,I spent a week going back and forth with one user across timezones. They became my second paying customer.,https://reddit.com/r/SideProject/comments/1sjq3qc/i_spent_a_week_going_back_and_forth_with_one_user/,build my MVP,"I’ve been building a tool to help founders validate ideas by analyzing real conversations online. It's been a month since launching my MVP.

Last week, I started emailing with a user on the other side of the world. They don’t speak English, so every message was translated. Different timezone, slower"
2026-04-13 12:07,Reddit r/SideProject,inbound,I have build AI-powered motivation app but not sure if there's a user base for it.,https://reddit.com/r/SideProject/comments/1sjj44v/i_have_build_aipowered_motivation_app_but_not/,build an MVP,"Hey everyone, I’m looking for some honest feedback on a mobile app idea I’ve been working on. I’ve already built an MVP and have been using it myself, but I’m unsure if there’s actually a user base for it or if I should go ahead and publish it on the Play Store. The app is basically a personal AI co"
2026-04-13 12:08,Reddit r/SideProject,inbound,Building Ikoi - ADHD Task Manager,https://reddit.com/r/SideProject/comments/1sk8idn/building_ikoi_adhd_task_manager/,build my app,"I have adhd and most adhd task managers just try to gamify the interface and hope it lands but the novelty wears off soon. I am building a task manager which I use and for my brain.

My real problems are activation energy, indecision and tasks rotting on the list until they feel radioactive.

So I b"
2026-04-13 12:08,Reddit r/SideProject,inbound,Screen Recording -&gt; Polished Mobile App UI,https://reddit.com/r/SideProject/comments/1sk7e4g/screen_recording_polished_mobile_app_ui/,build my app,So I made a tool that takes a screen recording of a reference app and essentially helps you make your AI agents enabled to recreate a very similar design using that as a reference. For the first time in my personal experience I was using AI and making actually decent UI that didn't look like AI slop
2026-04-13 12:08,Reddit r/SideProject,inbound,I'm building a CLI to go from blank folder to live app in 3commands,https://reddit.com/r/SideProject/comments/1sk4m3f/im_building_a_cli_to_go_from_blank_folder_to_live/,build my app,"Current flow is:

    hackctl create --template mern my-app
    hackctl start
    hackctl share

The goal is to skip the usual scaffold/run/expose dance and get a team to a public demo URL faster.

It's still early, but the core loop is working. Would love blunt feedback on whether this actually sol"
2026-04-13 12:08,Reddit r/SideProject,inbound,Built a macOS app for relaying app status — struggling with defining the right use case,https://reddit.com/r/SideProject/comments/1sjzbfl/built_a_macos_app_for_relaying_app_status/,build my app,"Hey,

I’ve been building a small macOS app(and Windows app) called “Status Relay”.

The idea is simple:
→ capture app-level events/status  
→ relay them to external services for automation

I originally built it for my own workflow, but now I’m stuck at a point where I’m not sure if the core use cas"
2026-04-13 12:08,Reddit r/SideProject,inbound,"Shipped v3.0 of my solo iOS app, a full native rewrite of what started as a no-code prototype",https://reddit.com/r/SideProject/comments/1sjxtp0/shipped_v30_of_my_solo_ios_app_a_full_native/,build my app,"ReadyRoom AI is an AI-powered appointment prep tool I've been building in my spare time. You describe your appointment (doctor visit, mechanic trip, lawyer meeting, school meeting, financial advisor session, etc.) and it builds you a custom prep kit with questions to ask, documents to bring, red fla"
2026-04-13 12:08,Reddit r/SideProject,inbound,"Built a simple investing simulator and added a weekly challenge, looking for feedback",https://reddit.com/r/SideProject/comments/1sjuxxg/built_a_simple_investing_simulator_and_added_a/,build my app,"I’ve been working on a small investing simulator in my free time (real stocks, fake money). This week I added a weekly challenge feature where people compete to see who performs best over 7 days.

I expected maybe one or two people to try it, but 13 users ended up joining the first challenge. A few "
2026-04-13 12:08,Reddit r/SideProject,inbound,Couple weeks turned to months.... A flashcard app,https://reddit.com/r/SideProject/comments/1sjsstt/couple_weeks_turned_to_months_a_flashcard_app/,build my app,"Hey r/SideProject!

This started as a tiny project my girlfriend requested: a tidbit learning app that sends notifications based on your flashcards. I was struggling to find an idea and wanted to learn AI workflows, so I ran with her idea.

One thing led to another, and scope creep hit hard. It also"
2026-04-13 12:08,Reddit r/SideProject,inbound,From launch to traffic to money: what’s a realistic timeline for a small web tool?,https://reddit.com/r/SideProject/comments/1sjsn20/from_launch_to_traffic_to_money_whats_a_realistic/,build my app,"I just built my first web tool and I think I messed up the direction.

I started by trying to build a bunch of tools at once, and now I realize that was probably a mistake. It made everything more complex, slower to ship, and harder to focus on what actually matters.

Now I’m trying to reset:

* foc"
2026-04-13 12:08,Reddit r/SideProject,inbound,"If you're building a productivity app, here's when to post in each relevant subreddit (data from 7,000 posts)",https://reddit.com/r/SideProject/comments/1sjrmz0/if_youre_building_a_productivity_app_heres_when/,build my app,"If you're building a productivity app, here's when to post in each relevant subreddit (data from 7,000 posts)

Was curious whether posting timing actually matters on Reddit so I ran a small experiment across the main productivity subreddits.

Quick backstory. I am building something in the productiv"
2026-04-13 12:08,Reddit r/SideProject,inbound,"Post your project/app and the vibe you want, I’ll build the landing page for free!",https://reddit.com/r/SideProject/comments/1sjrkxx/post_your_projectapp_and_the_vibe_you_want_ill/,build my app,"I'm a dev looking to build my portfolio with real projects. If you’ve got a SaaS or app that’s just starting and needs a landing page, or yours is just crap, drop a link below.  


Tell me what kind of vibe or style you're actually looking for and I’ll see if I can match it.  


I’m picking 3 to bui"
2026-04-13 12:08,Reddit r/SideProject,inbound,I've been building a movie and TV tracking app for the past few months. Here's everything it does.,https://reddit.com/r/SideProject/comments/1sjoq5p/ive_been_building_a_movie_and_tv_tracking_app_for/,build my app,"I posted here a while back about an early version. A lot has changed since then, so instead of listing updates I figured I'd just walk through the whole thing.

What it is

VibeWatch is a movie and TV show tracker. You rate stuff on a 1-10 scale, keep a watchlist, and build up a watched list with st"
2026-04-13 12:08,Reddit r/SideProject,inbound,we spent 4 months building and forgot to find the people,https://reddit.com/r/SideProject/comments/1sk7lih/we_spent_4_months_building_and_forgot_to_find_the/,build my startup,"the most dangerous loop in a startup is when every improvement feels urgent. better planning model. smarter knowledge system. cleaner workflows. each one genuinely good. each one pushing ""go find builders"" back another week.

today my cofounder and i made the split. she took platform. i took growth."
2026-04-13 12:08,Reddit r/SideProject,inbound,Building a cybersecurity startup solo - feeling stuck in loops. How do you handle this?,https://reddit.com/r/SideProject/comments/1sk1y47/building_a_cybersecurity_startup_solo_feeling/,build my startup,"Hey everyone,

For the past 3 weeks, I’ve been putting a lot of effort into building my own cybersecurity-related startup. I have multiple ideas and tools in mind, and I’m actively trying to turn them into something real.

But working solo has started to feel a bit overwhelming.

I often get stuck i"
2026-04-13 12:08,Reddit r/SideProject,inbound,I can build almost anything… except a startup idea that doesn’t s*ck 😅,https://reddit.com/r/SideProject/comments/1sjjkpx/i_can_build_almost_anything_except_a_startup_idea/,build my startup,"I can build almost anything… except a startup idea that doesn’t suck 😅

6+ years as dev (APIs, backend, scaling, fixing other people’s mess 🫠), currently leading projects…

But when it comes to MY own startup?

Brain: “Let’s build something big”

Also brain: “What if it’s just another useless SaaS n"
2026-04-13 12:08,Reddit r/SideProject,inbound,Replacing legacy HR hardware with on-device AI: Building KithHR for the UK market,https://reddit.com/r/SideProject/comments/1sk8hef/replacing_legacy_hr_hardware_with_ondevice_ai/,build a platform,"Hey everyone,

I’m building KithHR (https://kithhr.co.uk), a workforce management platform specifically for shift-based businesses like cafes, retail, and care homes in the UK.

The big players in this space often feel like legacy software. They force managers through endless menus for simple tasks,"
2026-04-13 12:08,Reddit r/SideProject,inbound,What are you building right now? Drop your project + who it’s for,https://reddit.com/r/SideProject/comments/1sk7itj/what_are_you_building_right_now_drop_your_project/,build a platform,"been doing this format for a while and the replies are always the best part. Genuine question, not a pitch

we’re building [Stacks](https://stacksmarket.co/?utm_source=reddit&amp;utm_medium=reddit&amp;utm_campaign=reddit_launch&amp;utm_content=reddit_posts) \- a platform that takes your existing sto"
2026-04-13 12:08,Reddit r/SideProject,inbound,Selling our project and workflow platform,https://reddit.com/r/SideProject/comments/1sk5tsq/selling_our_project_and_workflow_platform/,build a platform,"Hey, we are looking to sell a platform we recently launched because we simply don’t have the time to continue working on it. Another project completely took over and we’re stuck at the V1 stage, even though the core system is already built and working. The platform itself is built on Webflow with ex"
2026-04-13 12:08,Reddit r/SideProject,inbound,I'm building AI agents that handle distribution for solo founders so they can stop choosing between coding and marketing,https://reddit.com/r/SideProject/comments/1sk5fi6/im_building_ai_agents_that_handle_distribution/,build a platform,"Quick context: I'm a solo founder and for 3 months I did all my distribution manually. Reddit, LinkedIn, Twitter, communities. 2-3 hours every day on top of shipping features. It worked but it doesn't scale. At some point you're choosing between writing code and writing your 14th Reddit comment of t"
2026-04-13 12:08,Reddit r/EntrepreneurRideAlong,inbound,I spent 3 months doing distribution manually before building agents to do it. Here's what I'd do differently.,https://reddit.com/r/EntrepreneurRideAlong/comments/1sk5cax/i_spent_3_months_doing_distribution_manually/,build a platform,"For the first 3 months of my SaaS I was doing distribution entirely by hand. Reddit, LinkedIn, Twitter, communities. Showing up in threads, writing comments, posting original content. Every single day. It was eating 2-3 hours minimum and I was still shipping features on top of it.



The results wer"
2026-04-13 12:08,Reddit r/SideProject,inbound,Users go through registration but then become zombies…,https://reddit.com/r/SideProject/comments/1sk56j4/users_go_through_registration_but_then_become/,build a platform,"I’ve been building an AI learning platform (erudia.io) as a solo founder for the past few months. The idea: upload your study notes or pick any topic, and the platform generates a full multi-module learning experience — a two-voice podcast discussing the material, flashcards, quizzes, and AI-graded "
2026-04-13 12:08,Reddit r/SideProject,inbound,Built an AI support agent (chat + voice) for any business,https://reddit.com/r/SideProject/comments/1sjtqwy/built_an_ai_support_agent_chat_voice_for_any/,build a platform,"A few months ago, I kept running into the same issue over and over again.



Customer support is still one of the biggest bottlenecks in most businesses. It’s either expensive to scale, slow to respond, or simply not good enough to actually help users. And when I started testing AI tools, I expected"
2026-04-13 12:09,Reddit r/SideProject,inbound,Building an AI job search agent and compute costs are killing our pricing model. How are you all handling pricing for user-compute?,https://reddit.com/r/SideProject/comments/1sjmv2g/building_an_ai_job_search_agent_and_compute_costs/,build a platform,"My crew and I built an AI job search agent at 10xJobs.co. You point it at jobs you've already applied to and the resume you already have. It learns your background, tailors applications, builds interview research packages before you think to ask, and does role play prep for final rounds.

One of our"
2026-04-13 12:09,Reddit r/SideProject,inbound,Share your workflow and earn credits -- looking for feedbacks!,https://reddit.com/r/SideProject/comments/1sjgywe/share_your_workflow_and_earn_credits_looking_for/,build a platform,"We're giving away $200 worth of credits to anyone who shares a workflow that's worked for them, and this isn't a limited-time thing, so no rush.

Here's what you can use the credits for:

\- Use the [Epismo](https://about.epismo.ai/en) API and run our agent (through Claude, Slack, wherever you alrea"
2026-04-13 12:09,Reddit r/SideProject,inbound,I scanned 50 vibe-coded projects for production readiness. Average: 57%. 100% had zero API timeout handling.,https://reddit.com/r/SideProject/comments/1sjk4du/i_scanned_50_vibecoded_projects_for_production/,build a marketplace,"We spent 8 years building MVPs for founders. 50+ projects across every kind of SaaS, marketplace, and B2B tool. Along the way we got pretty good at spotting the gaps that  
kill apps in production: missing auth guards, no error handling, no logging, external API calls with no timeouts.

Now we're wa"
2026-04-13 12:09,Reddit r/SideProject,inbound,"Started a pet dropship store with zero experience, now making consistent sales every week.. here's what actually worked",https://reddit.com/r/SideProject/comments/1sk08mw/started_a_pet_dropship_store_with_zero_experience/,build my idea,ok so i been lurking here for a while and finally wanted to share something because i feel like nobody talks about the real starting point honestly. so last year i was just tired of my 9 to 5 and kept seeing people talk about ecommerce but i had no idea where to even begin like i dont know how to bu
2026-04-13 12:09,Reddit r/SideProject,inbound,LaunchHQ: Free Waitlist Page Builder,https://reddit.com/r/SideProject/comments/1sjs1dc/launchhq_free_waitlist_page_builder/,build my idea,"Hey all, been lurking here for a while, figured I'd finally share what I've been working on.

I kept running into the same problem with my own side projects: I'd have an idea, want to gauge interest before building it out, but didn't want to spend a weekend building a landing page just to collect em"
2026-04-13 12:09,Reddit r/SideProject,inbound,I’m trying to get my first 100 users. Here’s everything I’m testing (no fluff),https://reddit.com/r/SideProject/comments/1sjohi9/im_trying_to_get_my_first_100_users_heres/,build my idea,"I’ve been thinking a lot about this lately.

Everyone talks about “build in public” and “just launch”  
But no one actually lists what they *do* to get users.

So I made a list of everything I’m testing right now to get my first 100 users:

Distribution ideas:

1. Launch on Product Hunt
2. Post in R"
2026-04-13 12:09,Reddit r/SideProject,inbound,Built a small AI toolkit to stop doing repetitive work manually (free version in bio),https://reddit.com/r/SideProject/comments/1sjmy2s/built_a_small_ai_toolkit_to_stop_doing_repetitive/,build my idea,"I didn’t originally plan to build anything.

This started because I kept running into the same problem over and over.

I was using ChatGPT a lot, but it didn’t actually *save* me that much time.

I’d still:

* write emails manually
* start content from scratch
* redo the same research steps every ti"
2026-04-13 12:09,Reddit r/SideProject,inbound,Built a free macOS clipboard manager (Buffer) — 140+ ⭐ / 400+ downloads,https://reddit.com/r/SideProject/comments/1sjjge0/built_a_free_macos_clipboard_manager_buffer_140/,build my idea,"Hey folks,

I’ve been building **Buffer**, a lightweight clipboard manager for macOS as a personal side project.

Just shipped **v1.7.0**.

**What it does:**

* 📋 Clipboard history with fast cycling
* 📌 Pin important items
* 🔍 Instant search
* 🖼️ OCR (extract text from images)
* ⌨️ Custom shortcuts
"
2026-04-13 12:09,Reddit r/SideProject,inbound,I don’t think my last project failed because of the idea,https://reddit.com/r/SideProject/comments/1sjjd5w/i_dont_think_my_last_project_failed_because_of/,build my idea,"I’ve been thinking a lot about why my last project didn’t work,At first I thought it was the usual stuff:maybe the idea was bad,maybe the product just wasn’t good enough  
But now I’m starting to think it was something else.  
I avoided talking to people.  
Not because I didn’t know I should but bec"
2026-04-13 12:09,Reddit r/SideProject,inbound,Would love honest feedbacks!!,https://reddit.com/r/SideProject/comments/1sjiz6t/would_love_honest_feedbacks/,build my idea,"Hello everyone,

Recently I started building a website called [Reposhield](http://reposhield.vercel.app) which will be very useful for vibe coders and developers who forget security.

Reposhield basically scans your GitHub repo and will auto fix the security vulnerabilities  that is present inside y"
2026-04-13 12:09,Reddit r/SideProject,inbound,My sideproject: Public Transit App that supports 28 countries in Europe,https://reddit.com/r/SideProject/comments/1sjiu32/my_sideproject_public_transit_app_that_supports/,build my idea,"Hey, I would like to share my side project from the past 6 months. 

I have built a service that aggregates public transportation data from 27+ countries in Europe. Originally I was just wanting to build a departure time app for my Pebble watch, so that I can see when the next bus leaves, since I li"
2026-04-13 12:09,Reddit r/SideProject,inbound,App monetization: what actually works in 2026,https://reddit.com/r/SideProject/comments/1sk5adn/app_monetization_what_actually_works_in_2026/,app development agency,"Most apps don't fail because of bad code.

After building and shipping apps for years at our agency, I can tell you this.  
The monetization strategy matters more than the tech stack. More than most things developers spend their time on.

Yet most developers treat monetization as an afterthought. Th"
2026-04-13 12:09,Reddit r/SideProject,inbound,Would agencies or SMBs actually pay for a modern alternative to cPanel/Plesk for PHP/custom CMS hosting?,https://reddit.com/r/SideProject/comments/1sjqejr/would_agencies_or_smbs_actually_pay_for_a_modern/,app development agency,"I am exploring a product idea and wanted honest feedback from people who manage websites/apps for clients or internal teams.

The idea is a hosting platform aimed more at agencies / SMBs than end consumers.

The main concept is:

* supports PHP / custom CMS / similar web apps
* deploy via Git or man"
2026-04-13 12:09,Reddit r/SideProject,inbound,"Custom 10"" LCD Cluster with CAN Bus Reading (Buildroot+Pi Zero 2W)",https://reddit.com/r/SideProject/comments/1sjpdax/custom_10_lcd_cluster_with_can_bus_reading/,app development agency,"Hello, just wanted to show a project I am developing on my free time (+1.5 years now), in which is to create a custom digital instrument cluster.

I started with a esp32 with a can transceiver to get a stream of data and used a mix of a custom app I created (couldn't get savvycan to work) and asking"
2026-04-13 12:09,Reddit r/SideProject,inbound,Ideas for projects to stop thieves from stealing parcels,https://reddit.com/r/SideProject/comments/1sk77kc/ideas_for_projects_to_stop_thieves_from_stealing/,need a tech team,"Not sure if this is the right sub, but I’m honestly fed up at this point.

I live in a block of flats with about 8 other families I barely know. Every time Evri delivers to me, they dump my parcels downstairs in a completely insecure communal area instead of ringing my bell or bringing them up.

Uns"
2026-04-13 12:09,Reddit r/SideProject,inbound,[IMPOSSIBLE] Did we just beat Claude in website creation by creating a website in under 2 minutes?,https://reddit.com/r/SideProject/comments/1sjjr4f/impossible_did_we_just_beat_claude_in_website/,need a tech team,"We created an app with the help of Claude Sonnet that allows users to easily build their portfolio website in just 5 minutes.

• No hosting required

• No domain needed

• Instantly Website Creation

Tech stack used:

Next.js

React

Capacitor

MongoDB

The most difficult part was instantly generati"
2026-04-13 12:09,Reddit r/SideProject,inbound,Launch &amp; Ongoing marketing strategy,https://reddit.com/r/SideProject/comments/1sje9ie/launch_ongoing_marketing_strategy/,need a tech team,"Hi, solo dev here and really inspiring to see so many creative ppl and what they are working on here. Need feedback on what did you do or learned about what should be the launch + ongoing marketing strategy for solo devs and small teams. Obv the resources and budgets for solo devs are limited for pp"
2026-04-13 12:10,Reddit r/SideProject,inbound,I finally solved a frustration from my childhood—and it just went live on Product Hunt!,https://reddit.com/r/SideProject/comments/1sk55er/i_finally_solved_a_frustration_from_my/,looking for a tech,"I grew up in a middle-class home where internet was a luxury. We had maybe 1–2GB of data for the *entire month*. Back then, I had a problem I couldn't solve because of that limited bandwidth, and I spent years looking for a tool that didn't exist.

Life moved on—I finished college, and became a soft"
2026-04-13 12:10,Reddit r/SideProject,inbound,Hey everyone,https://reddit.com/r/SideProject/comments/1sjybwt/hey_everyone/,looking for a tech,"My partner and I are tech workers that started our own company.

Previously worked for 

Microsoft AI, Grammarly , Open AI, and we have helped numerous start ups scale.

If you are interested in experienced tech workers helping you get your apps off the ground at an affordable price.

We would love "
2026-04-13 12:10,Reddit r/SideProject,inbound,I let an app evolve itself daily… now I’m turning it into a startup (would love honest feedback),https://reddit.com/r/SideProject/comments/1sjfpjx/i_let_an_app_evolve_itself_daily_now_im_turning/,software development agency,"Hey everyone,

I’ve been working on a small experiment that’s starting to feel like it could become something real, and I’d really value some honest feedback.

A while ago I got curious about “self evolving” software. What would happen if an app could continuously improve itself without being manual"
2026-04-13 12:10,Reddit r/SideProject,inbound,Grubly - AI meal planning for people who lift (launched today),https://reddit.com/r/SideProject/comments/1sjkh0b/grubly_ai_meal_planning_for_people_who_lift/,how much to build,"Just launched the landing page for Grubly.

\*\*What it is:\*\*

AI meal planning app for people who lift and hate tracking macros.

\*\*How it works:\*\*

\- Input weight + goal (bulk or cut)

\- AI generates 3 meals for the week

\- Eat the SAME meals for 7 days

\- Zero macro tracking needed

\*\"
2026-04-13 12:10,Reddit r/SideProject,inbound,"My app is on Product Hunt, #29 for now 🥹",https://reddit.com/r/SideProject/comments/1sk8qyx/my_app_is_on_product_hunt_29_for_now/,cost to build an app,"# It's called Cycla, a fitness app that adapts your workouts to your hormonal cycle.

The idea came from a simple frustration: every fitness app programs training like your body performs the same way every day. It doesn't. Hormones shift your energy, recovery, and strength week to week. Cycla adjust"
2026-04-13 12:10,Reddit r/SideProject,inbound,I started building my own tools to escape ads and paywalls… ended up creating a whole web desktop — looking for beta testers,https://reddit.com/r/SideProject/comments/1sk55fl/i_started_building_my_own_tools_to_escape_ads_and/,cost to build an app,"Hello everyone! I'm the solo dev behind **mytools.studio**. I’ve put months of work into making this desktop environment feel real and useful.

As a maker and creator, I was sick of searching for simple web tools only to hit a page with a million ads and a paywall. So, I built my own suite of apps i"
2026-04-13 12:10,Reddit r/SideProject,inbound,Tried solving retention for my app… accidentally launched a second one,https://reddit.com/r/SideProject/comments/1sk20wr/tried_solving_retention_for_my_app_accidentally/,cost to build an app,"I recently finished building and launching an app that helps groups split restaurant bills.

Then I ran into the obvious problem:

people only use it when they go out, so retention is tough.

To solve that, I added a simple game inside the app to encourage daily opens…

…and it ended up being engagi"
2026-04-13 12:10,Reddit r/EntrepreneurRideAlong,inbound,everyone's tracking MRR. nobody's tracking cost per customer. that's the actual problem.,https://reddit.com/r/EntrepreneurRideAlong/comments/1sjvyo4/everyones_tracking_mrr_nobodys_tracking_cost_per/,cost to build an app,"i see a lot of ""just hit $X mrr"" posts here and genuinely happy for those people. but after running an ai product for 8 months i think mrr is the wrong number to obsess over when your product has variable costs.

background: i was a compliance specialist and data analyst for 7 years, basically livin"
2026-04-13 12:10,Reddit r/SideProject,inbound,"From ""I have no idea"" to something real in minutes for free!",https://reddit.com/r/SideProject/comments/1sjm4wz/from_i_have_no_idea_to_something_real_in_minutes/,build a prototype,"Stuck trying to come up with a startup idea worth building?

I've been there — staring at a blank page, hoping the next ""billion-dollar idea"" just shows up. It never does. The ideas that actually stick come from your own skills and the stuff that frustrates you day to day, but it's surprisingly hard"
